吃,94878
点,61048
味,53245
 ,50452
家,48804
菜,43891
没,43847
道,43562
里,41854
面,40477
错,35620
觉,30967
说,30309
店,30257
时,30212
！,29624
服,27204
肉,27173
子,26405
次,26295
感,24542
会,23862
务,23162
价,21908
口,21462
饭,20704
喜,19343
欢,18393
太,18197
天,18136
鱼,18048
然,17858
般,17852
真,17774
餐,16987
实,16741
什,16735
中,16241
特,15700
常,15519
老,15507
候,15082
西,14920
开,14652
果,14447
想,14397
生,14191
算,14056
方,13902
东,13788
样,13781
前,13742
员,13726
环,13705
挺,13451
牛,13420
境,13405
香,13275
汤,13133
包,13105
少,12859
种,12847
出,12735
买,12601
格,12469
便,12441
品,12398
意,12170
位,12042
现,11866
鸡,11842
鲜,11735
两,11647
元,11570
做,11429
心,11399
间,11365
外,11365
辣,11201
水,11069
锅,10942
新,10634
量,10537
豆,10425
友,10411
分,10320
色,9746
总,9554
排,9550
料,9505
发,9483
朋,9375
知,9348
头,9328
烤,9239
差,9217
…,9173
甜,9143
油,9108
度,9044
贵,9034
食,9023
正,8970
三,8942
蛮,8876
海,8852
加,8850
茶,8827
非,8620
话,8595
门,8479
完,8233
路,8233
米,8188
近,8165
年,7972
份,7937
喝,7884
合,7875
蛋,7864
干,7778
块,7743
行,7741
花,7685
直,7641
进,7595
钱,7378
高,7366
定,7227
美,7226
满,7192
午,7166
热,7145
奶,7075
楼,6982
气,6870
单,6866
客,6821
烧,6817
爱,6764
回,6678
酱,6578
酒,6491
全,6452
推,6436
超,6338
选,6313
晚,6296
装,6280
火,6267
费,6214
虾,6172
类,6151
试,6075
清,6070
结,6067
公,6065
体,6049
桌,6014
相,6008
理,5925
宜,5922
日,5919
带,5904
情,5875
粉,5858
放,5826
半,5821
名,5786
坐,5762
学,5714
应,5709
酸,5701
适,5700
主,5635
车,5628
片,5608
尝,5588
快,5578
皮,5540
拉,5530
走,5528
找,5520
动,5512
场,5502
式,5470
送,5460
红,5440
事,5411
炒,5401
原,5282
荐,5276
手,5256
（,5235
）,5234
足,5218
？,5207
惠,5185
白,5169
板,5075
周,5064
糕,5060
厅,5050
更,5049
问,5036
记,4967
难,4948
够,4941
态,4932
明,4914
成,4844
牌,4815
卖,4729
早,4693
汁,4639
麻,4616
羊,4615
基,4607
似,4593
二,4592
配,4568
饼,4535
—,4526
冰,4474
条,4456
卡,4417
电,4404
性,4400
力,4393
长,4382
评,4374
倒,4358
通,4334
盘,4329
重,4316
系,4306
杯,4305
风,4275
咖,4234
国,4226
入,4209
套,4208
·,4198
提,4153
鸭,4147
饮,4139
刚,4117
久,4103
房,4092
修,4090
见,4064
北,4054
南,4045
象,4038
碗,4025
金,3986
黄,3936
司,3914
逛,3895
光,3885
～,3872
接,3867
物,3846
五,3845
沙,3836
先,3802
调,3798
质,3779
值,3767
骨,3739
十,3719
丝,3710
馆,3688
嫩,3686
平,3665
台,3660
咸,3658
浓,3658
冷,3630
底,3627
越,3600
四,3593
确,3560
团,3521
腐,3520
折,3502
听,3478
机,3447
作,3443
字,3434
淡,3425
置,3416
山,3405
腻,3389
整,3377
优,3357
附,3354
商,3304
张,3295
身,3251
受,3244
脆,3230
活,3224
住,3215
购,3213
妈,3196
空,3193
反,3187
凉,3184
层,3177
师,3172
市,3168
净,3160
椒,3152
业,3150
乐,3143
舒,3122
法,3119
计,3114
聚,3113
女,3110
队,3101
猪,3100
工,3099
换,3082
区,3076
瓜,3075
级,3056
失,3033
必,3026
玩,3018
关,3017
居,3012
安,3004
街,2997
饱,2996
慢,2983
粥,2982
肥,2964
根,2960
号,2948
择,2944
影,2903
始,2903
收,2889
黑,2840
菇,2806
招,2803
偏,2789
精,2767
士,2756
马,2739
印,2728
办,2720
部,2719
期,2677
眼,2671
炸,2670
停,2665
微,2661
京,2654
消,2651
爽,2625
芝,2603
拌,2584
请,2581
帮,2556
竟,2546
园,2535
旁,2514
蟹,2509
土,2507
泡,2500
助,2496
座,2479
远,2467
啡,2447
城,2446
酥,2445
文,2434
免,2433
广,2426
容,2422
钟,2399
左,2397
解,2397
处,2394
班,2388
游,2388
细,2380
百,2375
克,2374
星,2368
铁,2350
券,2345
线,2343
饺,2318
貌,2287
化,2285
怪,2284
网,2283
切,2278
顾,2268
票,2268
偶,2254
卷,2252
木,2251
软,2241
堂,2228
赞,2225
绝,2212
煮,2209
月,2205
建,2203
普,2166
肠,2165
稍,2162
简,2123
约,2120
布,2118
肚,2114
估,2104
显,2102
糖,2102
素,2096
衣,2074
【,2071
】,2068
掉,2065
厚,2045
奇,2042
亮,2029
巧,2025
制,2018
寿,2014
宝,2011
青,2008
节,2004
龙,2001
丸,1996
翅,1995
串,1983
末,1980
搞,1978
杂,1969
型,1956
聊,1948
草,1945
站,1926
速,1921
肯,1921
利,1920
景,1909
改,1901
州,1886
华,1882
死,1872
保,1869
题,1863
院,1863
婚,1861
表,1856
变,1847
硬,1841
松,1841
交,1840
需,1826
煎,1825
滑,1822
准,1819
思,1814
深,1812
数,1808
萝,1798
段,1797
静,1796
拍,1793
石,1791
音,1790
男,1787
设,1783
围,1781
宗,1778
茄,1771
蔬,1769
概,1769
传,1755
姐,1753
强,1751
忘,1749
告,1745
唔,1737
球,1735
洗,1734
温,1733
蒸,1732
流,1721
款,1717
喱,1711
仁,1709
熟,1707
绿,1704
惜,1697
许,1697
江,1691
毛,1688
八,1688
丁,1685
转,1677
劲,1677
低,1659
划,1643
仔,1620
专,1618
尤,1614
薄,1611
拼,1607
营,1606
议,1605
具,1599
易,1599
胃,1599
郁,1592
川,1590
兴,1581
认,1573
决,1565
货,1561
亲,1553
终,1551
效,1551
书,1549
馅,1546
角,1546
预,1536
右,1536
双,1534
端,1533
极,1525
求,1520
冬,1518
娘,1516
爆,1505
萨,1503
孩,1498
跑,1493
斤,1490
厨,1490
讲,1486
麦,1463
福,1457
念,1454
贴,1446
煲,1441
银,1438
港,1437
希,1434
顿,1434
千,1430
乱,1424
雪,1424
档,1409
隔,1406
订,1401
棒,1399
忙,1398
弄,1394
目,1392
达,1392
旧,1389
圈,1381
古,1377
件,1371
万,1369
功,1365
六,1364
烫,1360
民,1360
惊,1357
信,1351
写,1346
歌,1345
留,1339
昨,1338
葱,1334
滴,1334
宴,1318
共,1312
吸,1310
涨,1304
贝,1298
饿,1298
摆,1297
程,1297
闹,1296
腿,1295
规,1291
毕,1285
爸,1280
梅,1280
落,1275
云,1274
烟,1271
富,1270
番,1268
校,1265
丰,1264
挤,1263
代,1261
圆,1250
礼,1250
参,1249
韩,1244
介,1243
挑,1242
薯,1237
卫,1234
蛙,1233
休,1230
备,1229
额,1229
神,1228
洋,1224
观,1223
湖,1221
怕,1215
产,1214
唯,1207
敢,1206
声,1205
窗,1204
续,1202
夏,1191
室,1191
脸,1191
春,1190
玉,1186
众,1184
响,1182
夜,1181
材,1177
搭,1170
糯,1169
卜,1164
旺,1164
视,1163
嘴,1161
德,1159
激,1152
语,1152
血,1150
考,1150
供,1149
刺,1149
鹅,1143
河,1142
形,1142
笑,1134
阳,1133
绍,1133
　,1131
烂,1124
首,1123
图,1118
馄,1117
领,1115
汉,1112
王,1111
漂,1108
饨,1107
怀,1107
夹,1104
蒜,1102
芒,1102
属,1099
笼,1095
婆,1093
盒,1093
铺,1092
吵,1087
盐,1078
瓶,1076
哥,1069
苏,1069
剩,1068
标,1067
息,1066
指,1065
苦,1062
林,1060
灯,1059
露,1051
称,1051
叶,1049
七,1044
筋,1038
唱,1036
穿,1031
卤,1030
醋,1029
惯,1027
桥,1025
医,1024
糊,1024
假,1022
胡,1020
妹,1016
野,1015
注,1008
刷,1005
纸,1003
浆,1002
引,1001
均,991
取,988
账,984
炖,983
蜜,982
统,979
脚,972
胜,971
盖,969
齐,965
淋,962
造,955
粒,953
紧,951
涮,950
况,948
耳,948
轻,947
累,944
典,943
芋,942
披,941
步,939
略,939
宽,938
药,936
笋,933
运,932
凑,931
习,928
闷,925
盆,922
斯,922
莲,922
健,920
凌,919
限,909
幸,908
浪,905
菠,901
刻,900
抹,899
咯,893
独,889
氛,888
啤,886
牙,885
暖,883
持,881
句,872
肝,870
散,868
碟,866
夫,866
泰,866
享,865
摩,865
针,864
销,864
诉,863
户,863
咬,862
泥,862
证,862
纯,859
丽,859
码,857
嚼,854
冻,852
养,849
积,848
烦,848
兰,845
初,845
耐,838
颜,835
言,833
遍,833
扣,832
验,829
湾,827
导,826
乳,823
呼,820
教,816
罗,814
立,812
付,811
否,806
屋,804
世,801
蓝,800
闲,798
闻,797
梯,797
紫,796
莓,795
混,795
焦,792
康,791
坏,790
蘑,789
缺,787
叉,784
鞋,783
捞,781
桃,779
趣,775
甘,771
庆,771
墙,770
雅,770
忍,769
椅,766
股,766
碰,766
架,766
剪,761
腥,761
催,760
芥,754
壁,754
补,749
维,745
蘸,744
培,743
突,740
谈,739
破,737
傅,736
充,735
翻,734
尚,732
顶,732
演,730
汗,730
飞,728
噶,726
瘦,724
吞,723
恶,722
珍,721
暗,720
姨,720
识,718
挞,714
堡,712
菌,712
缘,711
娃,710
楚,708
袋,707
柜,705
退,705
器,703
撒,702
椰,702
盛,700
透,698
展,698
糟,698
岛,695
脏,694
脑,693
担,690
撑,689
报,688
慕,686
彩,682
浇,681
乌,679
锁,678
愿,676
宫,675
施,674
永,673
舌,670
欲,668
珠,667
碎,663
异,663
柠,662
矩,660
季,656
九,656
鱿,655
鳗,653
竹,652
池,649
课,649
瘾,648
密,647
烈,646
堆,645
减,644
零,643
断,643
皇,643
汇,642
谓,642
酪,640
状,639
示,639
庭,638
复,637
焗,635
艳,635
臭,635
炉,633
杏,633
害,632
饰,630
妆,629
模,629
敞,628
扇,628
灵,627
懂,626
醒,626
村,625
未,625
派,625
爪,624
键,622
虑,620
刀,619
檬,618
答,616
旅,615
挂,615
农,613
稀,612
扒,611
淇,611
迎,610
俩,608
桂,606
腩,606
鲍,604
亚,601
姑,601
跳,601
谢,599
忆,599
须,598
查,598
例,597
枪,595
尾,594
晕,591
树,591
镜,589
馋,588
虎,586
嘅,585
列,583
還,581
艺,580
弹,580
局,579
良,578
败,578
摊,577
厢,576
凤,574
际,571
势,571
粗,567
联,567
宾,567
藕,566
泳,564
技,563
迷,561
术,561
究,559
添,559
背,559
浴,557
劳,556
蹄,554
懒,554
吉,553
摄,552
令,552
护,550
蚝,550
诱,550
治,550
榴,549
短,549
豪,547
∩,547
仙,546
拥,545
赠,544
雨,543
仅,542
洁,542
坊,541
曲,541
陪,540
抵,538
奥,537
溜,535
剧,534
點,534
滋,533
戏,532
集,531
博,530
腊,530
秋,528
栗,528
津,528
田,526
创,526
柳,525
继,523
抢,522
历,521
余,521
负,519
抽,518
童,518
悠,516
蚊,515
界,513
馍,512
湘,512
群,512
胖,511
售,510
甚,510
疑,509
遇,509
济,504
舞,503
這,503
省,502
巨,502
组,501
颗,500
仲,500
遗,500
阵,499
浦,499
甲,498
扬,498
命,495
侣,494
武,494
個,493
巾,490
姜,490
志,486
泉,485
芙,483
粤,483
波,483
乡,482
急,481
罐,481
陈,480
璃,480
抱,479
资,479
沾,478
狗,476
压,472
螺,466
潮,466
壶,466
廉,466
佳,465
玻,465
吹,465
扎,462
严,461
私,461
筷,459
荷,457
存,453
尼,453
纪,452
墨,450
忽,450
讨,449
杨,448
熏,448
峰,448
占,448
灰,447
砂,446
恭,445
弟,445
增,444
版,443
來,438
练,438
馨,435
绵,433
晶,433
病,432
伙,432
核,431
厦,430
镇,430
促,429
憾,428
止,428
项,424
蓉,423
轮,423
爷,422
圣,421
搬,420
猫,418
画,417
支,416
善,415
族,414
痛,413
磨,413
焖,412
欧,412
鳕,411
嘈,411
含,411
批,410
畅,410
睡,409
撕,408
塔,406
符,406
荤,405
杭,403
淘,402
责,400
章,399
膏,399
升,398
裹,397
填,396
庄,396
羹,396
抓,396
惬,395
润,395
暴,394
坑,391
梦,391
怜,390
括,388
喊,388
過,387
窝,386
府,385
厕,383
纱,383
粘,382
坚,382
腰,381
稠,380
鲶,379
寸,379
妇,378
厌,378
宵,378
狂,377
吐,377
训,376
．,372
尖,372
悦,372
韭,371
兜,370
蛤,370
箱,369
承,368
叔,368
床,368
爬,368
勺,367
豉,367
玛,366
壳,365
伴,365
隐,364
舍,362
呷,362
爹,361
涂,359
沒,359
蕉,357
母,357
率,357
桶,356
绕,356
骗,356
伤,354
湿,353
扫,353
漫,352
询,352
巷,351
悔,350
葡,350
降,350
￥,350
剁,350
埋,349
锦,348
陆,348
芽,347
哺,347
晓,347
束,347
杀,346
源,346
争,346
辛,344
投,344
席,343
黎,343
菲,342
橙,341
晒,341
呆,341
掌,341
鸟,341
兑,341
嗲,340
科,340
藏,339
澡,338
擦,338
佛,338
厉,338
英,337
腌,337
鸽,336
兔,336
拜,336
读,336
旗,335
苹,335
误,333
傻,331
控,331
鸳,331
榨,331
范,331
鸯,330
脖,330
义,330
迟,330
鳝,329
塘,329
恩,329
幽,328
托,328
塑,328
秘,325
朵,325
帅,325
筒,322
拖,322
奔,322
恰,322
庙,321
垫,320
谱,320
签,319
船,319
鼓,319
欠,318
拔,318
帐,318
梨,318
疼,317
赏,316
递,316
副,316
夸,315
疆,313
井,312
融,309
毫,309
伊,309
酿,309
举,307
索,307
战,306
惑,306
纳,305
筑,304
柔,303
寺,303
犹,301
赛,301
歇,301
潢,300
馒,299
芦,298
咁,297
勤,297
检,296
莫,296
笔,296
避,295
著,295
宣,295
虹,294
偷,294
史,294
枣,294
囧,293
奈,292
衬,292
染,291
阴,290
域,289
租,289
胆,288
塞,288
岁,287
說,285
仿,284
嘉,284
欣,283
枝,283
燕,283
释,282
吊,282
熬,282
锡,282
伐,282
悉,281
肴,281
倍,281
采,281
蜂,281
烩,280
奢,279
醇,279
繁,278
返,278
诚,277
飘,277
昏,276
玫,276
丹,276
哄,275
朗,275
恐,274
奖,273
驴,272
诺,272
鼎,272
鲈,272
狮,270
芹,269
滚,269
咩,268
斗,267
罢,267
坡,266
谷,266
瑰,266
纠,265
弃,264
库,264
虚,263
亭,263
虫,263
络,263
摸,262
喷,261
淮,261
晃,261
亏,259
拾,259
欺,259
颈,258
•,258
碧,257
吼,256
妙,254
睇,253
渣,253
社,252
圾,252
搜,252
迪,252
垃,252
啃,252
〉,252
會,252
戚,251
挨,251
映,251
育,251
蝎,250
隆,250
悲,249
扔,249
錯,248
洲,247
睛,247
昌,246
沟,246
操,245
吾,245
粮,244
诞,243
滨,243
威,243
徐,243
萄,243
朴,242
铜,242
寻,242
脊,241
寒,241
寨,240
狠,240
愉,240
螃,240
凯,240
追,239
柚,239
币,239
织,239
侧,238
洞,238
赚,238
汽,238
登,237
址,236
帝,236
鼻,235
澳,235
森,235
覺,235
翠,234
滩,234
荡,234
秀,233
劣,233
尊,233
缩,232
趟,231
李,231
综,231
孜,231
闭,230
渴,230
屏,230
漏,229
丢,228
咗,228
蒙,228
律,227
俱,227
們,226
剔,226
疗,224
殊,224
雷,224
勉,224
疯,222
灭,221
苗,221
抄,220
炭,219
時,218
阁,217
係,217
拆,217
丫,217
－,217
钻,216
邻,216
嫌,216
哒,215
宿,215
〈,214
父,214
封,214
勾,214
稳,213
韧,212
斩,212
塌,211
柿,211
序,211
佐,211
黏,210
圳,210
娱,209
肺,209
碑,209
脱,209
窄,208
凳,208
歉,207
魔,207
览,207
噢,206
氏,206
幕,205
霸,205
裤,204
鼠,204
浮,204
肤,203
醉,203
咪,203
插,203
莉,203
液,202
後,201
浅,201
捏,201
廊,201
炼,200
途,200
豫,199
赤,198
颇,197
屈,197
渐,197
鲁,196
苍,196
灌,196
羽,196
航,196
伍,195
喔,195
钢,195
沸,195
恋,195
胶,194
弯,194
鬼,194
权,194
默,194
瘩,194
钵,193
疙,193
碳,193
脂,193
穷,193
陷,193
震,192
瓦,192
戒,192
務,192
蝇,192
龟,192
贸,192
赖,191
柴,190
辈,189
胸,189
菊,189
研,188
旋,188
斑,186
匹,186
晨,186
裙,185
愧,184
扁,183
戴,183
企,183
旦,182
咕,181
妻,181
沈,181
樱,180
匆,180
轩,180
拐,180
瑞,180
闺,179
咔,179
固,179
患,178
扑,178
柱,178
财,178
智,177
昔,176
肘,176
勒,175
册,174
唐,174
握,173
俗,173
贡,173
呐,173
禁,173
诶,173
厂,172
陋,172
呛,172
蜊,172
阶,171
挡,171
触,171
岩,171
泽,170
咽,170
延,169
祝,169
⊙,169
削,168
植,168
價,167
军,166
膜,166
浙,166
籽,166
频,166
暑,165
祥,165
捧,165
职,165
膻,165
棍,164
粽,164
沫,164
侈,164
叹,164
吴,164
苑,163
刘,163
载,163
雕,162
壮,162
蝶,162
伦,162
毒,162
挖,162
匀,161
堵,161
﹏,161
宋,161
刮,160
桑,160
熊,160
闪,159
酷,159
為,159
仪,159
扯,158
姓,158
沉,157
淀,157
眉,157
详,156
逼,156
录,156
烙,156
浸,156
灼,156
裡,156
胗,156
探,156
逊,155
麼,155
乏,155
洒,155
摇,155
齿,154
彻,154
困,154
茂,154
踏,154
煸,154
坛,153
愤,153
官,153
残,152
岸,152
莱,152
伯,152
敬,152
竞,152
怨,152
察,152
险,152
琴,151
帘,151
敌,151
龄,151
孔,150
崇,150
腔,150
案,150
政,150
梭,150
撤,150
榄,150
嘢,149
横,149
蛏,148
尿,148
乖,148
佢,148
趴,148
罪,148
捷,147
喉,147
互,146
斜,146
＝,146
╰,146
撞,146
鹿,145
屁,145
挥,145
剥,145
觅,145
粹,144
恨,144
冇,144
洛,143
蜡,143
篮,143
魚,142
防,142
╯,142
词,142
烹,141
迹,141
益,141
兄,141
荠,140
击,140
耗,140
协,140
缸,139
惨,139
斋,139
瓷,139
饥,138
蜗,138
飯,138
朱,138
佩,138
臣,138
泪,138
怖,137
链,137
猛,137
陕,137
闸,137
僻,136
苓,136
靓,136
禾,135
蜇,135
喺,135
蛇,135
扭,135
暂,134
钓,134
获,134
堪,134
缓,133
绒,133
盅,132
骂,132
開,132
劝,132
肩,131
橘,131
蒿,131
吖,131
奉,131
渔,131
雀,131
逗,131
奋,130
播,130
迫,130
膀,130
尺,130
糙,130
唇,130
桔,130
袖,129
渡,129
の,129
驻,129
蔽,129
霜,129
買,128
瞎,128
較,128
泼,128
抑,127
▽,127
衫,127
喧,127
棉,127
锻,127
茸,126
榻,126
抬,126
艾,126
幾,126
傣,125
帽,125
躺,125
忌,124
狭,124
╮,124
湯,124
實,124
瑜,124
迅,124
蹭,124
颠,124
敏,124
雾,123
雞,123
肋,123
豌,123
宅,122
莎,122
烘,121
秦,121
鹌,121
拽,121
棋,121
慰,120
猜,120
歡,120
苔,120
麽,120
稻,120
辅,119
寡,119
踪,119
阔,119
燥,119
鹑,118
幅,118
鉴,118
沃,117
員,117
東,117
诊,117
掏,117
剂,117
姆,117
辆,117
拒,116
搅,116
籍,116
脯,116
输,115
嗓,115
郊,115
逢,115
芳,115
贯,115
贪,115
霉,115
仓,114
耶,114
喇,114
敲,114
裏,114
棚,114
莴,113
妞,113
猴,113
页,113
烛,113
涩,113
奏,113
县,112
盟,112
咨,112
党,112
述,112
努,112
哭,112
陵,111
寄,111
炎,111
舰,111
移,111
昆,111
∷,111
凶,110
骑,110
俄,110
荔,110
兼,110
豚,110
對,109
樣,109
狼,109
２,109
掺,109
嚷,109
憩,109
宰,108
恒,108
碌,108
麵,107
砖,107
弥,107
腹,107
袜,107
間,106
矮,106
搓,106
蝴,106
橄,106
税,106
茅,106
伽,106
溪,105
１,105
执,105
衡,104
葫,104
歪,103
愣,103
逸,103
障,103
惹,103
╭,103
驾,102
缀,102
巢,102
漆,102
祖,102
锣,102
鮮,102
瞬,102
怒,102
翰,102
濑,102
踩,102
遮,101
陶,101
寥,101
煌,101
蜀,101
現,101
舅,101
噱,100
熙,100
掩,100
蕾,100
仑,100
贼,100
扮,100
髓,99
扰,99
蚌,99
冠,99
戟,99
邦,99
纷,99
拨,99
別,99
瓣,98
尬,98
乜,98
０,98
废,97
君,97
胚,97
荞,96
翼,96
姥,96
策,96
叨,96
覆,96
尴,96
脾,96
宏,96
墅,96
测,96
郎,96
徽,95
慎,95
環,94
抗,94
岗,94
嚟,94
央,94
扶,94
蓬,94
坪,94
刨,94
损,94
骚,93
荟,93
浑,93
笨,93
砍,93
擀,93
蕨,93
經,93
秒,92
啲,92
勇,92
扩,92
種,92
話,91
屯,91
辉,91
纹,91
荣,91
鄙,91
慌,90
給,90
犯,90
隍,90
呈,90
溃,90
崩,90
砸,90
試,90
噜,89
郑,89
遭,89
迁,89
垂,89
邮,89
妨,89
乾,89
裕,89
歹,88
守,88
申,88
俏,88
忠,88
牡,87
袍,87
★,87
铃,87
浩,87
‘,87
割,87
颖,87
娜,86
射,86
頭,86
篇,86
嘟,86
讶,86
馕,86
撼,85
甩,85
佰,85
宇,85
蠻,84
５,84
截,84
辘,84
蛎,84
携,84
栋,83
杆,83
邊,83
幼,83
弱,83
谅,83
溢,82
诡,82
振,82
膳,82
妖,82
忒,82
昂,82
摔,82
伞,82
拎,81
橱,81
傍,81
’,81
构,81
蚵,81
郭,80
伟,80
径,80
楂,80
翔,80
啫,80
翡,80
遥,79
盗,79
煨,79
鲫,79
藤,79
攻,79
晰,78
嘀,78
警,78
倾,78
芡,78
臊,77
於,77
帖,77
坨,77
躲,77
怡,76
涉,76
矿,76
痒,76
匙,76
炝,76
榛,76
缝,76
救,76
廷,75
凰,75
媳,75
皆,75
艇,74
粑,74
赔,74
貴,74
孕,74
嘞,74
伸,74
哋,74
幻,74
允,73
滿,73
编,73
描,73
叠,73
邀,73
蹈,73
夷,72
鲷,72
嚣,72
御,72
逃,72
牢,72
徒,72
哨,71
枉,71
痘,71
征,71
當,71
钥,70
愁,70
缭,70
汪,70
進,70
無,70
糍,70
茵,70
羡,69
總,69
委,69
绪,69
曼,69
监,69
芬,69
韵,69
熱,69
糜,69
鸿,69
茉,69
焰,68
沽,68
丑,68
惦,68
曰,68
肆,68
姿,68
麸,68
幢,68
玄,68
茼,68
琪,68
沪,68
甸,68
械,67
呦,67
乓,67
鲥,67
薪,67
俾,67
储,67
屑,67
塊,67
庸,67
础,67
蚕,67
董,67
灶,67
抠,67
夕,66
跃,66
夠,66
蔗,66
孙,66
❤,66
诗,66
敷,66
涌,66
乍,66
瞧,66
汕,66
颐,65
荪,65
抖,65
逐,65
盲,65
贩,65
囊,65
挪,65
偿,65
燒,65
爵,65
忧,65
洱,65
荒,65
堤,64
痴,64
門,64
摘,64
恼,64
羔,64
芭,64
慨,64
８,64
阻,64
雄,63
谨,63
阅,63
兩,63
猕,63
抛,63
汀,63
叮,63
押,63
３,63
兵,63
耍,63
啧,63
燃,63
碍,63
葛,62
仰,62
跨,62
栏,62
挣,62
盯,62
乒,62
薰,62
屉,62
°,62
殿,62
予,62
旷,62
藻,62
坦,61
僵,61
炮,61
疏,61
框,61
難,61
蟑,61
鍋,61
赫,61
沐,61
螂,60
革,60
灿,60
遛,60
莹,60
盼,60
耽,60
傲,60
莜,60
屿,60
殷,60
妃,60
违,59
叽,59
鲳,59
單,59
咀,59
溶,59
唧,59
蝦,59
場,59
磁,59
危,59
访,59
疲,59
轰,58
釜,58
唤,58
泛,58
茴,58
绣,58
献,58
洪,58
愛,58
冤,58
碱,58
毯,58
魂,58
琳,58
污,58
厘,58
斥,58
錢,57
睁,57
裸,57
蔡,57
漓,57
媚,57
蔓,57
體,57
肿,57
烊,57
寝,56
喳,56
饪,56
舀,56
枸,56
鲅,56
咙,56
佬,56
撇,56
杞,55
凹,55
胀,55
悬,55
醬,55
睬,55
誉,55
赢,55
誓,55
瑶,55
颂,55
捡,54
氣,54
拣,54
岭,54
吆,54
動,54
唠,54
芸,54
鲨,54
卸,54
窜,54
漠,54
绎,54
齁,54
沌,54
選,54
谊,54
嗒,54
嗨,54
凝,54
肪,54
蹦,54
瘪,53
杰,53
励,53
樓,53
劵,53
辽,53
侯,53
茜,53
毁,53
嘱,52
湛,52
钳,52
豁,52
轨,52
蛳,52
雖,52
玲,52
蓓,52
罩,52
夺,52
枫,52
彬,52
瞄,52
媽,51
壹,51
溅,51
梁,51
豹,51
發,51
硕,51
妮,51
彤,51
痕,51
缤,51
禅,51
拦,51
團,50
寂,50
應,50
髈,50
飲,50
掂,50
谐,50
帕,50
寓,50
廳,50
鲤,50
鹰,50
衍,49
宠,49
盈,49
槽,49
渍,49
噌,49
隙,49
孤,49
攘,49
卦,49
＋,48
紅,48
榜,48
潭,48
皿,48
搁,48
餅,48
該,48
＂,48
棵,48
帶,47
躁,47
泊,47
恢,47
荫,47
髮,47
豬,47
慈,47
蚬,47
仨,47
赵,47
判,47
芯,47
娇,47
﹌,47
辞,47
梳,47
胞,46
墓,46
侃,46
衷,46
袭,46
纽,46
評,46
绳,46
仗,46
涎,46
︶,46
〓,46
掰,46
趋,46
曹,46
嗷,45
雁,45
簋,45
憋,45
費,45
｀,45
渗,45
菱,45
問,45
筹,45
勃,45
酌,45
尘,45
氧,45
晾,45
哑,45
薏,45
炫,45
鲑,45
婴,45
穴,45
卢,44
攒,44
咐,44
結,44
裝,44
い,44
肌,44
刁,44
墩,44
睹,44
粟,44
陌,44
棕,44
葵,43
辰,43
琅,43
绰,43
孽,43
購,43
聪,43
煤,43
陀,43
橡,43
煞,43
罚,43
潜,43
鸦,43
飙,43
钉,43
類,43
诧,43
莘,42
恍,42
匪,42
措,42
張,42
脉,42
翘,42
茫,42
擅,42
耀,42
澈,42
壽,42
鸣,42
启,42
症,42
枕,42
泄,42
卓,41
贤,41
噪,41
嗜,41
記,41
瞅,41
悄,41
劈,41
鲮,41
拇,41
渝,41
涵,41
揽,41
艿,41
枯,41
酬,40
熔,40
琢,40
迢,40
篦,40
姗,40
瑕,40
炕,40
晴,40
珊,40
秤,40
缠,40
绘,40
楞,40
筝,40
跌,40
霞,39
內,39
愈,39
迈,39
□,39
蹲,39
質,39
見,39
闵,39
寞,39
魏,39
馊,39
腱,39
嗦,39
嵌,39
拳,39
魅,39
鹤,39
辙,38
態,38
栈,38
审,38
侨,38
召,38
循,38
梗,38
瑟,38
岳,38
睫,38
祭,38
踢,38
锈,38
蹋,38
肃,38
牵,38
椿,38
饕,38
風,37
怠,37
坝,37
蔫,37
肫,37
坠,37
澄,37
狐,37
蔼,37
赌,37
鲢,37
蕃,36
浊,36
茗,36
﹋,36
隨,36
鳜,36
滥,36
薦,36
嗰,36
奸,36
讓,36
羞,36
柏,36
≦,36
剛,36
罕,36
驱,36
侄,36
盏,36
惭,36
摞,36
撩,36
幫,35
舟,35
衰,35
纤,35
勿,35
俯,35
乔,35
４,35
栽,35
從,35
闆,35
長,35
變,35
苛,35
卧,35
峡,35
铲,34
呱,34
遂,34
驳,34
壤,34
悟,34
鐵,34
胎,34
槟,34
秩,34
喵,34
師,34
竖,34
皱,34
啰,34
牧,34
≧,34
哀,34
恤,34
電,34
絲,34
钞,34
帆,34
暇,33
攀,33
萌,33
區,33
媒,33
賣,33
屎,33
伏,33
焙,33
啖,33
燎,33
犒,33
苣,33
妥,33
膨,33
﹐,33
優,33
嘲,33
☆,33
瞪,33
聘,33
抻,33
删,33
拷,32
彭,32
裂,32
窃,32
適,32
漕,32
阪,32
岂,32
捣,32
篷,32
珑,32
谭,32
泾,32
鳄,32
飕,32
轧,32
悍,32
戳,32
號,32
辩,31
軟,31
盾,31
忐,31
廣,31
褒,31
盤,31
鳅,31
鞍,31
媲,31
淳,31
棠,31
國,31
啪,31
鮰,31
調,31
粢,31
瘴,31
刹,31
督,31
辨,31
嗑,31
敦,31
盔,30
學,30
慧,30
侍,30
丧,30
骤,30
６,30
穆,30
遣,30
贱,30
灸,30
肾,30
忑,30
碜,30
厄,30
凸,30
叭,30
枚,30
醪,30
缆,30
兒,30
侠,30
磕,30
奴,30
拧,30
仕,29
し,29
鳞,29
贫,29
洼,29
剑,29
飽,29
惟,29
绑,29
疵,29
滞,29
「,29
吝,29
茬,29
拓,29
叙,29
沁,29
機,29
嫂,29
鴨,29
揉,29
嗖,29
豇,29
侬,29
歧,29
嘗,29
镶,28
」,28
艰,28
雍,28
俭,28
偌,28
谋,28
鳟,28
谧,28
隧,28
辟,28
椎,28
茹,28
簡,28
樟,28
⋯,28
伪,28
潘,28
膊,28
丛,28
車,28
鐘,28
杠,28
婉,28
級,28
眯,28
噎,28
刊,28
掘,28
珀,28
岐,28
準,27
撮,27
颤,27
兆,27
叻,27
晋,27
裁,27
埃,27
巡,27
黃,27
斟,27
仆,27
邪,27
細,27
讯,27
浜,27
诈,27
捉,27
耻,27
涕,27
絮,27
蒂,27
驰,27
關,27
授,27
濃,27
讷,27
陡,27
杜,27
筐,27
饯,27
抚,27
隊,27
辄,27
確,26
琼,26
躬,26
膝,26
鑫,26
垮,26
揭,26
Ｏ,26
恳,26
桐,26
耙,26
痧,26
哆,26
丈,26
瀑,26
栅,26
箭,26
︿,26
顯,26
と,26
吻,26
赴,26
贞,26
靴,26
禺,26
届,26
樂,25
矛,25
計,25
髦,25
钩,25
萧,25
條,25
昧,25
毗,25
霖,25
娴,25
曝,25
尸,25
啬,25
眺,25
亨,25
洽,25
妄,25
麟,25
腕,25
Ａ,25
約,25
嗽,25
屹,25
译,25
俊,25
連,25
毅,25
霍,25
祈,24
鞠,24
瑚,24
署,24
镖,24
Ｌ,24
馈,24
巫,24
彰,24
媛,24
犀,24
漱,24
钝,24
琥,24
蚂,24
掀,24
叼,24
膩,24
沦,24
捎,24
兹,24
旬,24
￣,24
蛰,24
瞰,23
離,23
践,23
褐,23
腮,23
聽,23
辜,23
兽,23
泻,23
磅,23
倡,23
吮,23
臂,23
惧,23
榆,23
闽,23
饶,23
倦,23
旨,23
訂,23
喻,23
炙,23
蓄,23
噗,23
蕴,23
網,23
／,23
畔,23
绩,23
辑,23
鲟,23
顧,22
鹭,22
靡,22
Ｎ,22
稽,22
沧,22
肖,22
滤,22
淑,22
侵,22
楠,22
蚁,22
喃,22
擇,22
契,22
碴,22
甭,22
仟,22
絕,22
岔,22
笃,22
虐,22
寫,22
坤,21
興,21
卑,21
夾,21
析,21
冈,21
绸,21
梧,21
葩,21
秉,21
剖,21
親,21
胳,21
琶,21
で,21
谦,21
缕,21
層,21
荆,21
館,21
狸,21
Ｔ,21
聋,21
挫,21
噩,21
陇,20
嚓,20
镯,20
畏,20
裢,20
仇,20
纺,20
囔,20
朔,20
沥,20
峨,20
祸,20
璧,20
眠,20
邓,20
酵,20
罄,20
♪,20
翁,20
疾,20
褡,20
拘,20
逮,20
な,20
蚶,20
埔,20
『,20
鄂,20
汰,20
拱,20
扛,20
韦,20
杖,20
噔,20
拗,20
劫,20
榕,20
禄,20
婷,20
孝,20
贺,20
蠢,20
珈,20
殖,20
浏,20
兀,20
×,20
坟,20
锋,20
跪,19
窑,19
傳,19
啱,19
皂,19
苟,19
９,19
俑,19
丘,19
灣,19
燙,19
嬉,19
薇,19
蒲,19
绚,19
惫,19
窖,19
匾,19
贬,19
挚,19
』,19
琵,19
業,19
怂,19
嫁,19
┭,19
灾,19
嗎,19
彪,19
淹,19
苋,19
弧,19
铭,19
拟,19
┮,19
慵,19
貝,19
琐,19
辦,19
卻,19
搵,19
庐,19
莼,19
廖,19
霄,19
榭,19
鲩,18
龍,18
乙,18
睐,18
糠,18
冶,18
熘,18
餸,18
雇,18
終,18
驶,18
瓢,18
淞,18
觀,18
茭,18
佘,18
た,18
辫,18
萍,18
亢,18
妯,18
蘿,18
璀,18
曙,18
Ｂ,18
圃,18
惚,18
璨,18
矫,18
捂,18
挽,18
麓,18
拢,18
赣,18
琉,18
娌,18
Ｋ,18
も,18
纬,18
梆,18
捕,17
秃,17
汾,17
阜,17
愚,17
倩,17
萃,17
吁,17
備,17
巍,17
懵,17
囖,17
講,17
節,17
苕,17
揣,17
迄,17
甥,17
崎,17
炬,17
赋,17
毡,17
桩,17
恬,17
鲔,17
腆,17
瞒,17
辗,17
栖,17
ん,17
钮,17
淨,17
,17
娅,17
艘,17
婶,17
Ｓ,17
炳,17
暧,17
讳,17
轴,17
吭,17
參,17
禽,17
跋,17
漾,17
餮,17
卉,17
,17
镂,17
ー,16
舱,16
黛,16
徘,16
谜,16
唬,16
瞻,16
決,16
厥,16
囡,16
谂,16
饵,16
腼,16
骄,16
華,16
專,16
搪,16
呲,16
雲,16
篱,16
胧,16
谗,16
て,16
赘,16
姚,16
═,16
遐,16
绅,16
徊,16
戈,16
馬,16
涯,16
锔,16
譬,16
捐,16
泣,16
Ｍ,16
眨,16
栳,16
鞭,16
腸,16
亿,16
臺,16
涼,16
疫,15
钙,15
窿,15
朦,15
き,15
¥,15
舫,15
伺,15
７,15
蔥,15
褪,15
锐,15
Ｙ,15
爲,15
請,15
炆,15
猎,15
唰,15
铅,15
丼,15
耿,15
Ｇ,15
題,15
汹,15
菩,15
が,15
議,15
卵,15
線,15
遊,15
瀛,15
驼,15
秆,15
嬷,15
霓,15
爛,15
贊,15
逆,15
週,15
胁,15
圓,15
讪,15
汆,15
缇,15
薡,14
換,14
芫,14
柑,14
莠,14
祠,14
恕,14
禧,14
粿,14
俨,14
苜,14
肇,14
滇,14
沓,14
慣,14
犷,14
–,14
蓿,14
遠,14
崖,14
黯,14
＼,14
誰,14
坎,14
蟮,14
紹,14
嗝,14
擂,14
蒻,14
缅,14
掼,14
靜,14
恿,14
靖,14
袅,14
嗅,14
蒋,14
逻,14
匿,14
揾,14
烀,14
許,14
く,14
漉,14
蹬,14
鲸,14
掐,14
浃,14
笙,14
撬,14
帜,14
か,14
匠,14
拙,14
舊,14
旭,14
は,14
※,13
怯,13
绞,13
庚,13
組,13
腴,13
苞,13
觊,13
狡,13
預,13
烁,13
懈,13
跷,13
贾,13
妍,13
認,13
盎,13
弘,13
營,13
峪,13
●,13
惺,13
蝉,13
餃,13
寶,13
鋪,13
,13
貨,13
揪,13
蛹,13
喀,13
淌,13
＇,13
衔,13
さ,13
膘,13
Ｃ,13
辱,13
數,13
逝,13
渊,13
處,13
畢,13
餡,13
屡,13
箩,13
趕,13
魄,13
骏,13
驚,13
觎,13
鸥,13
姬,13
壞,13
潇,13
跺,13
達,13
鹏,13
晤,13
锤,13
祁,12
韶,12
強,12
亡,12
頓,12
則,12
跤,12
愕,12
焕,12
撈,12
涛,12
櫃,12
狱,12
鹹,12
讽,12
滓,12
喋,12
驗,12
椭,12
ˇ,12
哲,12
淆,12
芜,12
旯,12
潍,12
＊,12
喘,12
♡,12
诀,12
狈,12
宛,12
邸,12
蒡,12
釀,12
庞,12
甑,12
昭,12
臉,12
遵,12
牦,12
柒,12
順,12
憨,12
垄,12
況,12
咒,12
缴,12
穹,12
祛,12
悸,12
姊,12
攸,12
搂,12
園,12
ま,12
¯,12
梢,12
輕,12
醺,12
砌,12
襄,12
谴,12
＜,12
咣,12
潺,12
屠,12
篓,12
黒,12
飚,12
蒟,12
臻,12
鳳,12
煩,12
荸,12
苇,12
箔,12
凄,12
札,12
檀,12
餓,12
旮,12
耷,12
毋,12
拂,12
轿,12
ゃ,12
伶,11
鹉,11
ｏ,11
雯,11
簇,11
畀,11
礁,11
陂,11
唾,11
撻,11
绷,11
崂,11
牺,11
儒,11
牲,11
Ｄ,11
鵝,11
製,11
鹦,11
孟,11
滔,11
黔,11
笆,11
谣,11
瞥,11
溫,11
勁,11
酣,11
→,11
铂,11
鬆,11
簿,11
渠,11
妒,11
敛,11
斧,11
犬,11
魁,11
眾,11
隅,11
鹽,11
咂,11
犄,11
〖,11
磊,11
摧,11
幔,11
〗,11
っ,11
抿,11
暮,11
柯,11
沏,11
粱,11
搏,11
茨,11
嘚,11
捆,11
葉,11
鳖,11
杉,11
骰,11
嘣,11
綠,11
眩,11
彈,11
鲇,11
艮,11
澜,11
舔,11
Ｅ,11
肢,11
鳍,11
庵,11
谎,11
颊,10
爾,10
銀,10
◆,10
書,10
宙,10
鳊,10
溏,10
铛,10
萬,10
啵,10
褶,10
證,10
嚯,10
崭,10
饽,10
設,10
戆,10
亩,10
貂,10
嵩,10
鮑,10
統,10
骆,10
顷,10
埠,10
噼,10
槛,10
蹩,10
亞,10
耸,10
臨,10
緊,10
け,10
轉,10
恏,10
莺,10
蘭,10
掬,10
姻,10
衛,10
捻,10
憬,10
枱,10
蔚,10
澎,10
翩,10
に,10
噻,10
佼,10
圍,10
憧,10
漲,10
烏,10
こ,10
炊,10
彦,10
蘇,10
鸵,10
羲,10
辐,10
％,10
诫,10
匯,10
Ｕ,10
摒,10
糨,10
孵,10
泱,10
弓,10
弊,10
俐,10
佑,10
闯,10
棱,10
挠,10
哏,10
沂,10
惰,10
檔,10
豐,10
泌,10
柄,9
迩,9
綿,9
麒,9
艹,9
﹣,9
だ,9
す,9
鎮,9
蛀,9
疚,9
枢,9
猥,9
藍,9
曬,9
廚,9
缮,9
渺,9
漿,9
焯,9
邱,9
紙,9
論,9
極,9
茎,9
お,9
仄,9
帥,9
麋,9
齊,9
┃,9
猬,9
槍,9
蜘,9
蛛,9
裱,9
稿,9
殴,9
慷,9
讹,9
隻,9
嫉,9
硪,9
惮,9
唛,9
減,9
雌,9
沖,9
褂,9
朕,9
Ｆ,9
晖,9
禮,9
唷,9
哝,9
佣,9
窍,9
闫,9
課,9
浣,9
囗,9
ス,9
诠,9
湃,9
®,9
稞,9
龈,9
堰,9
悚,9
薩,9
匈,9
娄,9
烽,9
疹,9
逅,9
奠,9
蜿,9
揚,9
邑,9
袄,9
嫰,9
筛,9
ぶ,9
迭,9
昰,9
莞,9
镬,9
诵,9
邵,9
梓,9
撂,9
眷,9
り,9
龌,8
怏,8
匝,8
佟,8
驿,8
龊,8
據,8
桨,8
踵,8
與,8
郡,8
刃,8
篝,8
瑾,8
規,8
勝,8
箅,8
蝈,8
棄,8
绽,8
袱,8
钜,8
れ,8
窟,8
岚,8
瞟,8
饲,8
佷,8
硝,8
擠,8
暄,8
ｎ,8
枳,8
粼,8
孰,8
坍,8
帳,8
痹,8
邂,8
臀,8
噴,8
毙,8
斐,8
祷,8
咄,8
嚏,8
嚎,8
帚,8
熨,8
幌,8
粪,8
並,8
稣,8
,8
榔,8
Ｐ,8
逍,8
崔,8
倪,8
氓,8
導,8
嚒,8
撐,8
菓,8
標,8
祟,8
秧,8
習,8
肮,8
額,8
砧,8
囱,8
馔,8
皖,8
爐,8
聲,8
窥,8
あ,8
蓑,8
淅,8
昕,8
堕,8
铸,8
蜒,8
亟,8
眈,8
雜,8
吩,8
稚,8
嬲,8
薹,8
醮,8
栩,8
②,8
绊,8
夯,8
吳,8
①,8
诅,7
馥,7
檐,7
杷,7
崛,7
羯,7
膠,7
瞩,7
扉,7
掇,7
紀,7
嵋,7
趾,7
僧,7
皋,7
婦,7
麗,7
惩,7
,7
術,7
斌,7
萦,7
慶,7
識,7
糸,7
幣,7
旱,7
〔,7
擺,7
撵,7
韓,7
屬,7
雙,7
枇,7
剃,7
扳,7
ッ,7
嚇,7
顽,7
碼,7
飩,7
棂,7
る,7
瘫,7
麺,7
 ,7
倆,7
掷,7
嗤,7
荚,7
淤,7
坯,7
泗,7
嗌,7
麥,7
聒,7
蟆,7
凿,7
盹,7
藉,7
匡,7
泮,7
籠,7
攞,7
町,7
簸,7
尹,7
腳,7
虔,7
〕,7
垦,7
羴,7
潼,7
荽,7
戲,7
銷,7
垢,7
涅,7
續,7
璞,7
蔔,7
襯,7
誤,7
檯,7
沱,7
談,7
耕,7
嚐,7
葚,7
囤,7
擔,7
懋,7
滷,7
邨,7
娆,7
幹,7
搀,7
掠,7
懊,7
陣,7
歐,7
荧,7
僚,7
餛,7
ａ,7
牟,7
猿,7
摈,7
靚,7
膽,7
視,7
筱,7
懶,7
碾,7
焼,7
役,7
腑,7
铝,7
貼,7
薛,7
猩,7
洄,7
﹃,7
溯,7
颁,7
槐,7
裔,7
語,7
緻,7
砰,7
潤,7
籁,7
運,7
佈,7
竿,7
説,7
ち,7
竭,7
矗,7
傢,6
叛,6
カ,6
璋,6
蔻,6
箕,6
诿,6
卯,6
謂,6
胛,6
ˍ,6
觥,6
渭,6
榈,6
斓,6
乞,6
懦,6
島,6
骊,6
紊,6
領,6
沔,6
鬧,6
瞳,6
嘶,6
癫,6
¬,6
蜓,6
旎,6
芊,6
癖,6
Ｉ,6
願,6
罂,6
ど,6
泯,6
惕,6
镑,6
ト,6
ｋ,6
绢,6
將,6
噤,6
獅,6
睦,6
▄,6
Ｑ,6
維,6
鲭,6
燈,6
坂,6
寬,6
竽,6
恺,6
悻,6
燉,6
蓮,6
漢,6
羅,6
援,6
抉,6
窘,6
討,6
枞,6
穩,6
孛,6
丐,6
妳,6
慾,6
攝,6
純,6
窩,6
穗,6
腺,6
虬,6
冯,6
淫,6
侦,6
伎,6
袁,6
阑,6
履,6
惡,6
凍,6
茯,6
產,6
兢,6
蠔,6
箍,6
锵,6
胭,6
補,6
針,6
哂,6
廓,6
躇,6
鳇,6
棘,6
揍,6
鰻,6
葬,6
剌,6
鲱,6
钗,6
癌,6
镛,6
蚀,6
廂,6
馓,6
〜,6
爺,6
煽,6
酯,6
棺,6
迦,6
衝,6
遢,6
茧,6
凛,6
ル,6
矜,6
吕,6
閒,6
喫,6
缎,6
▁,6
倚,6
觑,6
坞,6
鱻,6
ビ,6
彷,6
踌,6
韌,6
♨,6
━,5
璜,5
＃,5
璐,5
勞,5
垛,5
邯,5
緩,5
熄,5
魷,5
鹃,5
鏡,5
镚,5
壺,5
恙,5
弦,5
悶,5
咏,5
窦,5
掛,5
荳,5
畴,5
昵,5
漪,5
咾,5
臘,5
菁,5
歸,5
淄,5
冽,5
う,5
泠,5
煙,5
憑,5
痞,5
濛,5
偈,5
隶,5
聖,5
唏,5
骺,5
腦,5
崴,5
乸,5
癢,5
積,5
捅,5
犁,5
舜,5
迥,5
姘,5
贷,5
箸,5
ピ,5
盡,5
搽,5
噁,5
蜴,5
笠,5
锯,5
廈,5
钎,5
藩,5
憎,5
栲,5
,5
瞌,5
惶,5
疮,5
雳,5
疤,5
纲,5
赃,5
怅,5
蜥,5
湄,5
郸,5
攰,5
飾,5
奄,5
珞,5
呶,5
慮,5
┘,5
█,5
钦,5
ｉ,5
芍,5
稼,5
獨,5
チ,5
筏,5
痰,5
楊,5
皙,5
萎,5
墊,5
赐,5
悖,5
匮,5
廿,5
戶,5
鱈,5
鳥,5
霹,5
旖,5
寐,5
沛,5
揩,5
岑,5
眕,5
蠕,5
稱,5
喲,5
羌,5
缚,5
疡,5
徳,5
つ,5
愜,5
琦,5
頂,5
搡,5
珂,5
讚,5
,5
養,5
懷,5
隘,5
樹,5
拭,5
傾,5
峭,5
邋,5
擒,5
崽,5
捋,5
聞,5
藝,5
欸,5
誕,5
醛,5
弗,5
紛,5
笛,5
レ,5
奂,5
響,5
侮,5
吟,5
鲽,5
ン,5
誠,5
趸,5
坷,5
飄,5
顆,5
濠,5
逞,5
汲,5
鹵,5
陳,5
蝙,4
惗,4
跶,4
鬱,4
鎖,4
駐,4
舶,4
垒,4
瞭,4
ｓ,4
脓,4
硫,4
蓟,4
谛,4
踝,4
畜,4
▅,4
Ｒ,4
鍵,4
⑧,4
跎,4
蜻,4
攤,4
蝠,4
,4
［,4
嬾,4
娑,4
ザ,4
冗,4
負,4
泓,4
厮,4
蛊,4
瞠,4
瑙,4
奕,4
搶,4
撺,4
檸,4
诋,4
丙,4
俞,4
塗,4
舆,4
梵,4
汩,4
硌,4
蛾,4
曳,4
｛,4
嚴,4
￢,4
護,4
捶,4
潲,4
ω,4
↓,4
罷,4
鍾,4
臟,4
娥,4
踞,4
柘,4
侶,4
哧,4
貓,4
炷,4
渲,4
咻,4
睾,4
壓,4
眙,4
芷,4
蹊,4
べ,4
嫣,4
堅,4
拴,4
侩,4
焚,4
階,4
睽,4
徜,4
眶,4
賺,4
｝,4
赁,4
吨,4
谍,4
磺,4
娟,4
＞,4
み,4
訴,4
▃,4
粳,4
佔,4
呒,4
啸,4
讥,4
涡,4
掃,4
簽,4
賬,4
唆,4
簌,4
沼,4
蹒,4
凋,4
馏,4
ガ,4
採,4
そ,4
醫,4
軍,4
巅,4
抒,4
╙,4
ロ,4
樨,4
嗞,4
］,4
樊,4
賞,4
殄,4
鳌,4
揸,4
鹜,4
唑,4
瑪,4
繼,4
蹂,4
阀,4
氽,4
甪,4
徉,4
,4
┻,4
蜈,4
宮,4
盱,4
堑,4
⑤,4
聂,4
哮,4
じ,4
徵,4
ｅ,4
饸,4
蘋,4
咫,4
甬,4
雏,4
摁,4
瀚,4
濕,4
よ,4
瓏,4
拯,4
祀,4
帷,4
緣,4
韬,4
啜,4
餿,4
昼,4
絡,4
藿,4
镊,4
蟀,4
猗,4
俪,4
譜,4
糗,4
蝗,4
蕎,4
嚿,4
晏,4
骡,4
谄,4
爭,4
▇,4
桧,4
蜕,4
饞,4
躏,4
│,4
鬃,4
跩,4
嶌,4
,4
練,4
曦,4
皑,4
啷,4
劇,4
绺,4
铬,4
煷,4
跆,4
墟,4
賽,4
骐,3
辕,3
鴯,3
廢,3
≤,3
鴦,3
砣,3
悅,3
亂,3
匣,3
绯,3
潦,3
捺,3
④,3
攥,3
扈,3
´,3
砚,3
撰,3
虱,3
铢,3
③,3
趙,3
を,3
メ,3
厭,3
扦,3
闊,3
啉,3
ä,3
▔,3
鄰,3
攔,3
锉,3
飒,3
骸,3
揖,3
鲞,3
凱,3
勻,3
踉,3
謝,3
瓤,3
項,3
膚,3
碉,3
膈,3
挎,3
捌,3
妩,3
徙,3
嫲,3
勘,3
陽,3
萱,3
壕,3
,3
飛,3
貪,3
ュ,3
攜,3
绥,3
弛,3
侉,3
偎,3
漸,3
岘,3
悭,3
瓮,3
蛟,3
,3
龇,3
＾,3
囵,3
キ,3
侥,3
淼,3
瘟,3
玖,3
諾,3
眸,3
躯,3
缦,3
禹,3
衢,3
ソ,3
毽,3
莪,3
襟,3
輪,3
鷄,3
錄,3
锥,3
忿,3
渎,3
甫,3
＠,3
呑,3
耦,3
澀,3
巩,3
é,3
唻,3
円,3
複,3
邹,3
撘,3
堀,3
龚,3
畸,3
桢,3
遺,3
暈,3
ｇ,3
聯,3
钯,3
コ,3
鹋,3
惆,3
遁,3
鄱,3
狞,3
硅,3
荃,3
農,3
馐,3
パ,3
蟒,3
婀,3
恁,3
饃,3
ｈ,3
｡,3
衹,3
茁,3
痣,3
铰,3
踱,3
峻,3
や,3
囫,3
橋,3
▎,3
爿,3
跚,3
ミ,3
異,3
瘸,3
Ｗ,3
莅,3
蓖,3
佯,3
め,3
铮,3
泔,3
濱,3
寧,3
薑,3
歲,3
蜷,3
幺,3
迂,3
ｔ,3
繞,3
娶,3
糥,3
夭,3
曜,3
妝,3
罾,3
陰,3
冕,3
ラ,3
蒽,3
饴,3
潔,3
報,3
監,3
裆,3
聆,3
笫,3
＆,3
浒,3
畫,3
僅,3
腋,3
泵,3
湊,3
資,3
诟,3
羶,3
創,3
憐,3
└,3
撅,3
蹿,3
霁,3
誘,3
奧,3
憶,3
迸,3
濟,3
髒,3
筵,3
蹙,3
偕,3
尋,3
峥,3
绮,3
簾,3
亵,3
滄,3
藐,3
詢,3
澆,3
婿,3
蚤,3
倨,3
測,3
─,3
蛆,3
篡,3
霎,3
ニ,3
閨,3
厲,3
镀,3
胥,3
嫚,3
鴿,3
蔑,3
蕻,3
婼,3
鴛,3
獎,3
嘤,3
诩,3
忱,3
戀,3
掖,3
煊,3
罔,3
暨,3
铐,3
癞,3
矶,3
ｕ,3
▷,3
丿,3
仃,3
渚,3
褥,3
冊,3
捨,3
際,3
須,3
瘤,3
漳,3
蟋,3
囿,3
狰,3
麝,3
磋,3
惱,3
黐,3
鹊,3
愫,3
孚,3
邃,3
＿,3
灘,3
滅,3
昊,3
軒,3
汝,3
増,3
磡,3
殺,3
桿,3
忖,3
啼,3
劃,3
痤,2
ム,2
蜍,2
炜,2
丞,2
錫,2
納,2
歎,2
癮,2
怔,2
黍,2
凈,2
厩,2
槌,2
嶼,2
餘,2
虴,2
檢,2
粵,2
弈,2
濒,2
跘,2
騙,2
癃,2
赭,2
骥,2
嵊,2
呿,2
拚,2
臆,2
汶,2
ァ,2
鉑,2
∴,2
槤,2
阙,2
애,2
纫,2
鷹,2
鹄,2
驟,2
榖,2
涟,2
경,2
님,2
嘹,2
厷,2
啩,2
庁,2
ō,2
诣,2
┳,2
揀,2
陲,2
フ,2
猾,2
彙,2
镭,2
腓,2
猖,2
杈,2
竺,2
胱,2
伫,2
虧,2
陸,2
藠,2
溉,2
,2
阱,2
溧,2
葳,2
刑,2
迴,2
喎,2
蓋,2
恻,2
吒,2
サ,2
嗟,2
撥,2
撖,2
繽,2
嶙,2
↑,2
歙,2
挟,2
☞,2
殘,2
선,2
ャ,2
塍,2
隽,2
籼,2
钿,2
梿,2
騰,2
徨,2
醤,2
莆,2
哽,2
笊,2
霏,2
昙,2
韮,2
跄,2
傘,2
脷,2
顏,2
惋,2
요,2
龋,2
‵,2
殇,2
殆,2
赎,2
憔,2
驭,2
斷,2
ぱ,2
渤,2
濡,2
豔,2
夙,2
莽,2
競,2
诬,2
煱,2
瘆,2
燶,2
鄞,2
蟾,2
騷,2
橐,2
锗,2
鍜,2
･,2
鮟,2
佃,2
楹,2
敗,2
踊,2
,2
糅,2
梃,2
砟,2
砾,2
簧,2
赝,2
锭,2
钰,2
倫,2
鲎,2
垚,2
滂,2
╬,2
歷,2
荺,2
锚,2
艦,2
▆,2
窣,2
碓,2
羿,2
鰾,2
儘,2
缔,2
慑,2
麿,2
╳,2
凇,2
硚,2
鄉,2
殼,2
逾,2
戰,2
饅,2
黝,2
忪,2
娓,2
煳,2
溲,2
♥,2
岖,2
樵,2
囉,2
唸,2
생,2
颚,2
擞,2
矢,2
∪,2
窸,2
◢,2
ｆ,2
〒,2
揶,2
祺,2
繫,2
鞑,2
酝,2
诨,2
−,2
藥,2
樽,2
厝,2
酩,2
,2
毑,2
觸,2
冧,2
裴,2
鄢,2
咆,2
吘,2
屙,2
嗮,2
犊,2
鬥,2
鹫,2
朽,2
義,2
磬,2
搔,2
倉,2
盂,2
褲,2
株,2
玺,2
奪,2
诓,2
鯰,2
葺,2
斬,2
稔,2
傷,2
蹉,2
遏,2
滘,2
丟,2
宥,2
庇,2
苒,2
昱,2
锹,2
○,2
販,2
圖,2
邢,2
峙,2
餑,2
贻,2
′,2
←,2
滾,2
黢,2
織,2
秽,2
悴,2
沷,2
炤,2
涧,2
嘬,2
奀,2
鱇,2
蜚,2
娲,2
枧,2
ｐ,2
踺,2
▂,2
搐,2
臼,2
馞,2
脐,2
脫,2
呯,2
栓,2
徑,2
夢,2
羮,2
誇,2
徕,2
狍,2
玷,2
∀,2
骷,2
蛐,2
磚,2
濯,2
腍,2
骋,2
搖,2
猶,2
∝,2
氯,2
氤,2
Ｈ,2
漩,2
◕,2
礴,2
哐,2
谤,2
勢,2
垵,2
∠,2
捲,2
虢,2
詳,2
卟,2
葆,2
摹,2
詹,2
哔,2
锏,2
貢,2
荼,2
婺,2
珅,2
搛,2
擎,2
皈,2
蹓,2
奮,2
椽,2
跻,2
阎,2
缑,2
マ,2
槿,2
■,2
ｂ,2
胯,2
斡,2
衮,2
℃,2
拈,2
壱,2
猡,2
衅,2
△,2
藓,2
晟,2
饷,2
菰,2
嚤,2
轸,2
潧,2
鰤,2
圭,2
燴,2
▲,2
壑,2
袈,2
奎,2
峋,2
苡,2
暢,2
浔,2
ず,2
譆,2
蚧,2
颼,2
脘,2
阐,2
≥,2
蚱,2
褚,2
せ,2
瞿,2
尷,2
酶,2
艱,2
娭,2
鶏,2
ß,2
咛,2
剝,2
贰,2
踹,2
懑,2
狀,2
榷,2
墻,2
莢,2
え,2
鑼,2
栉,2
惘,2
脍,2
ㄒ,2
锲,2
↗,2
饹,2
佗,2
蕊,2
殃,2
贈,2
↲,2
ジ,2
이,2
貔,2
◇,2
赳,2
杵,2
孃,2
溥,2
擁,2
噚,2
髅,2
糾,2
轆,2
輔,2
琬,2
ㄧ,2
粕,2
︵,2
↖,2
┐,2
珲,2
姣,2
冀,2
鯧,2
訝,2
赦,2
贲,2
閤,2
奚,2
锄,2
氲,2
婕,2
ク,2
,2
捱,2
颓,2
恹,2
リ,2
蚣,2
渥,2
ば,2
棗,2
茡,2
賴,2
ｃ,2
廻,2
茽,2
♀,2
纶,2
焐,2
┌,2
叟,2
ｙ,2
晌,2
晦,2
責,2
菏,2
霧,2
⌒,2
忏,2
坳,2
窒,2
牯,2
郫,2
§,2
腚,2
蟠,2
騎,2
゛,2
玥,2
胺,2
韃,2
娩,1
糚,1
瑩,1
诃,1
銭,1
―,1
殉,1
汞,1
営,1
抨,1
擊,1
秣,1
咥,1
鳙,1
囟,1
桓,1
壯,1
盰,1
轶,1
燋,1
芪,1
悼,1
涸,1
芎,1
∣,1
淩,1
鉅,1
해,1
埚,1
茛,1
鲐,1
菽,1
嚕,1
嘭,1
遲,1
肓,1
夀,1
楽,1
儂,1
┴,1
笕,1
祉,1
睥,1
げ,1
肱,1
遜,1
踅,1
噓,1
밤,1
醜,1
俘,1
絢,1
┤,1
偻,1
貍,1
崧,1
翌,1
║,1
総,1
韆,1
谏,1
孢,1
葷,1
蚪,1
貅,1
蒗,1
伱,1
侷,1
糢,1
拄,1
⑶,1
涶,1
痫,1
蠊,1
煦,1
氮,1
戛,1
尒,1
萋,1
舂,1
蔠,1
覅,1
锆,1
帼,1
疊,1
癀,1
淵,1
锕,1
鲊,1
ズ,1
轼,1
斉,1
龜,1
縮,1
婲,1
珸,1
懇,1
ｚ,1
蚷,1
氵,1
埂,1
咵,1
忻,1
邛,1
滦,1
寰,1
鼾,1
魇,1
ü,1
瘊,1
蹤,1
誒,1
⑦,1
妏,1
馀,1
碘,1
贿,1
槎,1
麂,1
沣,1
弩,1
洌,1
妾,1
寇,1
岱,1
呅,1
傀,1
彧,1
讀,1
柰,1
舵,1
羁,1
冉,1
彿,1
糌,1
礓,1
モ,1
挻,1
償,1
镁,1
違,1
虛,1
覽,1
柬,1
柽,1
発,1
賭,1
笳,1
挷,1
酔,1
戎,1
磄,1
溝,1
邺,1
曉,1
遑,1
⑥,1
輩,1
呣,1
恘,1
碣,1
ㄉ,1
⑩,1
聿,1
鳤,1
骼,1
珐,1
儡,1
蝸,1
経,1
擤,1
賀,1
钴,1
衆,1
颔,1
砕,1
崤,1
﹕,1
啾,1
黨,1
擡,1
鳔,1
函,1
隋,1
醃,1
範,1
撲,1
芮,1
苆,1
蓁,1
叁,1
庖,1
ｍ,1
頼,1
擋,1
癡,1
裘,1
吅,1
鰣,1
祯,1
捍,1
浐,1
鯔,1
冢,1
ダ,1
頻,1
驕,1
赊,1
隱,1
縣,1
蛄,1
々,1
摟,1
牒,1
犸,1
荨,1
涤,1
滕,1
晩,1
漬,1
尙,1
哱,1
氢,1
à,1
饬,1
翱,1
讧,1
蝌,1
粬,1
榧,1
矾,1
犇,1
痨,1
兌,1
┬,1
驮,1
婵,1
礙,1
钠,1
砺,1
ε,1
沮,1
側,1
蟲,1
脲,1
￼,1
砥,1
眞,1
嘍,1
祜,1
蔴,1
詭,1
昐,1
犟,1
酾,1
谬,1
烷,1
慚,1
魳,1
矬,1
欄,1
邙,1
阉,1
ろ,1
巔,1
皴,1
驹,1
坩,1
蹼,1
跡,1
飪,1
箥,1
気,1
帧,1
ｒ,1
獗,1
에,1
耩,1
龛,1
黟,1
﹎,1
穀,1
紮,1
憤,1
灑,1
圏,1
۰,1
嘠,1
叱,1
槊,1
錦,1
邤,1
➩,1
幟,1
枰,1
葑,1
偸,1
宦,1
秂,1
哞,1
驅,1
彥,1
泖,1
襁,1
艄,1
恣,1
纍,1
臧,1
锝,1
巳,1
穎,1
谩,1
腫,1
痠,1
賓,1
掳,1
栾,1
殡,1
彌,1
髋,1
琮,1
弼,1
挲,1
幷,1
峦,1
侏,1
協,1
锃,1
廰,1
澤,1
堞,1
訓,1
⑴,1
Ｚ,1
姹,1
囝,1
蚨,1
莣,1
逦,1
閘,1
纇,1
皓,1
頗,1
団,1
帔,1
靑,1
妗,1
涣,1
锺,1
綴,1
劑,1
剿,1
만,1
钣,1
醩,1
炐,1
僕,1
阊,1
喟,1
怵,1
靶,1
ㄟ,1
ˊ,1
靈,1
缉,1
虏,1
掣,1
実,1
灞,1
庅,1
輯,1
浠,1
棷,1
怦,1
頤,1
飨,1
箬,1
嫡,1
㶽,1
碲,1
绌,1
塱,1
氰,1
飮,1
喈,1
タ,1
査,1
碩,1
邏,1
禀,1
祇,1
萳,1
阖,1
誌,1
忝,1
荏,1
獻,1
σ,1
螢,1
瀾,1
敕,1
ｗ,1
涝,1
孪,1
鸾,1
咿,1
橫,1
족,1
轾,1
垯,1
禇,1
鈀,1
谀,1
鍥,1
О,1
‿,1
笺,1
蝤,1
鮳,1
懼,1
蠄,1
鑰,1
覇,1
筍,1
晉,1
炽,1
埕,1
撸,1
á,1
ご,1
鸠,1
緒,1
駕,1
庋,1
懿,1
恪,1
娣,1
噙,1
撷,1
粲,1
ｘ,1
婪,1
祕,1
镍,1
杩,1
ら,1
糧,1
鲣,1
慘,1
鉆,1
貿,1
諮,1
咎,1
斂,1
辖,1
釉,1
宸,1
绾,1
虞,1
晥,1
俎,1
狯,1
脛,1
耨,1
ア,1
訥,1
诳,1
醚,1
檩,1
馮,1
軚,1
邬,1
薜,1
ê,1
债,1
铆,1
イ,1
筯,1
呴,1
氨,1
譽,1
轲,1
狎,1
纰,1
倔,1
佤,1
踮,1
頌,1
築,1
甾,1
蜃,1
椐,1
饑,1
漁,1
燻,1
靭,1
崃,1
嗔,1
罘,1
謹,1
ｄ,1
汛,1
衙,1
醸,1
踭,1
廁,1
遞,1
俶,1
忭,1
満,1
剜,1
汔,1
금,1
敘,1
蠓,1
┣,1
崗,1
輚,1
〿,1
苤,1
竓,1
诽,1
ょ,1
痿,1
嵘,1
铎,1
檄,1
颀,1
妤,1
酲,1
魯,1
輝,1
ㄏ,1
吶,1
祗,1
掴,1
尕,1
礎,1
藹,1
蛭,1
攪,1
腈,1
蕯,1
袒,1
酺,1
茔,1
嫦,1
鞦,1
黁,1
薺,1
療,1
鲛,1
僾,1
圡,1
钧,1
摺,1
燜,1
茏,1
骝,1
참,1
卿,1
ケ,1
聰,1
罅,1
蠡,1
撴,1
莊,1
镌,1
巻,1
颧,1
損,1
夥,1
豈,1
僦,1
,1
鳮,1
孖,1
醅,1
婧,1
翎,1
檫,1
銅,1
顔,1
逡,1
晝,1
捯,1
舷,1
鲴,1
喆,1
び,1
幡,1
鴻,1
穌,1
挝,1
琍,1
汐,1
桖,1
ホ,1
磷,1
遨,1
钛,1
鞘,1
屐,1
刭,1
♠,1
戮,1
睿,1
涠,1
聃,1
舛,1
釣,1
ぉ,1
嚄,1
亘,1
笮,1
氟,1
豊,1
痂,1
椟,1
倌,1
铨,1
濺,1
帏,1
骟,1
岿,1
袤,1
谑,1
璇,1
湮,1
昀,1
钊,1
弋,1
ο,1
Ｖ,1
詮,1
寮,1
薈,1
粋,1
嫖,1
奌,1
昇,1
糞,1
肛,1
├,1
岷,1
袪,1
魽,1
袂,1
飓,1
粯,1
叩,1
ハ,1
鳃,1
綉,1
襪,1
霑,1
牓,1
岀,1
舐,1
雹,1
翹,1
澱,1
ｌ,1
徹,1
硓,1
鰕,1
䏜,1
缪,1
釐,1
熳,1
萊,1
锊,1
顛,1
裟,1
일,1
尅,1
,1
屌,1
閣,1
鯛,1
鲂,1
歺,1
ほ,1
酢,1
勸,1
葯,1
吔,1
鑽,1
钆,1
ˋ,1
覓,1
萤,1
,1
禳,1
櫈,1
拫,1
詐,1
罟,1
伕,1
锒,1
証,1
鴉,1
楷,1
蝽,1
挓,1
壬,1
疱,1
諧,1
π,1
拋,1
募,1
诙,1
靛,1
妓,1
彎,1
纂,1
ひ,1
谙,1
榉,1
缰,1
畹,1
鮸,1
寖,1
鏊,1
蓠,1
爨,1
‖,1
懆,1
鳎,1
庶,1
┫,1
酋,1
偃,1
椤,1
抜,1
鐹,1
镝,1
藜,1
珏,1
贮,1
斛,1
獼,1
痁,1
篆,1
胫,1
舉,1
蜆,1
載,1
艷,1
咭,1
笪,1
伲,1
筊,1
谝,1
蕭,1
∇,1
塩,1
侗,1
臫,1
鋼,1
驢,1
湫,1
穫,1
氷,1
薅,1
籃,1
蛔,1
铠,1
€,1
權,1
娈,1
‼,1
ブ,1
皎,1
祢,1
甄,1
蔺,1
畧,1
⑵,1
